method,pandas_time,duckdb_time,speedup
PDF Data Extraction,5.020617961883545,2.800050735473633,1.7930453538850966
Store Data API Retrieval,46.83331608772278,42.46298909187317,1.1029208515301159
JSON Processing,6.072172164916992,6.026715040206909,1.0075426039570177
